{
  "Color": {
    "Base": {
      "Primary": {
        "Black": {
          "value": "#1d2327",
          "type": "color"
        },
        "White": {
          "value": "#ffffff",
          "type": "color"
        }
      },
      "Secondary": {
        "Grey 500": {
          "value": "#444749",
          "type": "color"
        },
        "Grey 400": {
          "value": "#757575",
          "type": "color"
        },
        "Grey 300": {
          "value": "#babfc4",
          "type": "color"
        },
        "Grey 200": {
          "value": "#f0f2f5",
          "type": "color"
        },
        "Grey 100": {
          "value": "#f7f7f7",
          "type": "color"
        }
      }
    },
    "Extended": {
      "Sub Brands": {
        "Basel": {
          "value": "#00a0cf",
          "type": "color"
        },
        "Miami": {
          "value": "#00c18b",
          "type": "color"
        },
        "Hong Kong": {
          "value": "#e0004d",
          "type": "color"
        },
        "Cities": {
          "value": "#fa4616",
          "type": "color"
        },
        "Paris+": {
          "value": "#1e1e1e",
          "type": "color"
        }
      },
      "Sectors": {
        "Film": {
          "value": "#f7dce9",
          "type": "color"
        },
        "Parcour, Public": {
          "value": "#cddff2",
          "type": "color"
        },
        "Unlimited,  Encounters, Meridians": {
          "value": "#dff0cb",
          "type": "color"
        },
        "Discoveries, Statements,  Positions": {
          "value": "#d2d3ec",
          "type": "color"
        },
        "Galleries": {
          "value": "#cdcdcd",
          "type": "color"
        },
        "Feature, Nova": {
          "value": "#d8eeeb",
          "type": "color"
        },
        "Edition": {
          "value": "#fff7bf",
          "type": "color"
        },
        "Kabinett": {
          "value": "#fcdfaa",
          "type": "color"
        },
        "Insights, Survey": {
          "value": "#fcd5d7",
          "type": "color"
        },
        "Dialogues": {
          "value": "#dcdcdc",
          "type": "color"
        }
      }
    },
    "Supporting": {
      "Orange": {
        "value": "#f19d00",
        "type": "color"
      },
      "Orange - Text": {
        "value": "#bf8519",
        "type": "color"
      },
      "Red": {
        "value": "#ff003b",
        "type": "color"
      },
      "Red - Text": {
        "value": "#c9012f",
        "type": "color"
      },
      "Green": {
        "value": "#019f53",
        "type": "color"
      },
      "Green - Text": {
        "value": "#018661",
        "type": "color"
      },
      "Status": {
        "Light": {
          "Error": {
            "value": "#c9012f",
            "type": "color"
          },
          "Success": {
            "value": "#018661",
            "type": "color"
          },
          "Alert": {
            "value": "#9F6D00",
            "type": "color"
          }
        },
        "Dark": {
          "Alert": {
            "value": "#f4a32f",
            "type": "color"
          },
          "Error": {
            "value": "#ff979d",
            "type": "color"
          },
          "Success": {
            "value": "#7cc492",
            "type": "color"
          }
        }
      }
    }
  },
  "Shadows": {
    "Outer Shadow": {
      "01": {
        "value": [
          {
            "color": "#1d23271a",
            "type": "dropShadow",
            "x": "0",
            "y": "1",
            "blur": "4",
            "spread": "0"
          },
          {
            "color": "#1d23271a",
            "type": "dropShadow",
            "x": "0",
            "y": "0",
            "blur": "4",
            "spread": "0"
          }
        ],
        "type": "boxShadow"
      },
      "02": {
        "value": [
          {
            "color": "#1d23271a",
            "type": "dropShadow",
            "x": "0",
            "y": "4",
            "blur": "8",
            "spread": "0"
          },
          {
            "color": "#1d23271a",
            "type": "dropShadow",
            "x": "0",
            "y": "2",
            "blur": "4",
            "spread": "1"
          }
        ],
        "type": "boxShadow"
      },
      "03": {
        "value": [
          {
            "color": "#1d23271a",
            "type": "dropShadow",
            "x": "0",
            "y": "8",
            "blur": "16",
            "spread": "0"
          },
          {
            "color": "#1d23271a",
            "type": "dropShadow",
            "x": "0",
            "y": "4",
            "blur": "8",
            "spread": "2"
          }
        ],
        "type": "boxShadow"
      }
    }
  },
  "fontFamilies": {
    "art-basel-headline": {
      "value": "Art Basel Headline",
      "type": "fontFamilies"
    },
    "ivar-display": {
      "value": "Ivar Display",
      "type": "fontFamilies"
    },
    "art-basel-text": {
      "value": "Art Basel Text",
      "type": "fontFamilies"
    }
  },
  "lineHeights": {
    "0": {
      "value": "35",
      "type": "lineHeights"
    },
    "1": {
      "value": "30",
      "type": "lineHeights"
    },
    "2": {
      "value": "28",
      "type": "lineHeights"
    },
    "3": {
      "value": "23",
      "type": "lineHeights"
    },
    "4": {
      "value": "21",
      "type": "lineHeights"
    },
    "5": {
      "value": "48",
      "type": "lineHeights"
    },
    "6": {
      "value": "42",
      "type": "lineHeights"
    },
    "7": {
      "value": "34",
      "type": "lineHeights"
    },
    "8": {
      "value": "54",
      "type": "lineHeights"
    },
    "9": {
      "value": "50",
      "type": "lineHeights"
    },
    "10": {
      "value": "32",
      "type": "lineHeights"
    },
    "11": {
      "value": "24",
      "type": "lineHeights"
    },
    "12": {
      "value": "20",
      "type": "lineHeights"
    },
    "13": {
      "value": "64",
      "type": "lineHeights"
    },
    "14": {
      "value": "41",
      "type": "lineHeights"
    },
    "15": {
      "value": "46",
      "type": "lineHeights"
    },
    "16": {
      "value": "18",
      "type": "lineHeights"
    },
    "17": {
      "value": "22",
      "type": "lineHeights"
    },
    "18": {
      "value": "16",
      "type": "lineHeights"
    },
    "19": {
      "value": "36",
      "type": "lineHeights"
    }
  },
  "fontWeights": {
    "art-basel-headline-0": {
      "value": "Bold",
      "type": "fontWeights"
    },
    "ivar-display-1": {
      "value": "Regular",
      "type": "fontWeights"
    },
    "ivar-display-2": {
      "value": "SemiBold",
      "type": "fontWeights"
    },
    "art-basel-text-3": {
      "value": "Regular",
      "type": "fontWeights"
    },
    "art-basel-text-4": {
      "value": "Bold",
      "type": "fontWeights"
    }
  },
  "fontSize": {
    "0": {
      "value": "12",
      "type": "fontSizes"
    },
    "1": {
      "value": "14",
      "type": "fontSizes"
    },
    "2": {
      "value": "16",
      "type": "fontSizes"
    },
    "3": {
      "value": "18",
      "type": "fontSizes"
    },
    "4": {
      "value": "20",
      "type": "fontSizes"
    },
    "5": {
      "value": "24",
      "type": "fontSizes"
    },
    "6": {
      "value": "26",
      "type": "fontSizes"
    },
    "7": {
      "value": "30",
      "type": "fontSizes"
    },
    "8": {
      "value": "32",
      "type": "fontSizes"
    },
    "9": {
      "value": "34",
      "type": "fontSizes"
    },
    "10": {
      "value": "36",
      "type": "fontSizes"
    },
    "11": {
      "value": "38",
      "type": "fontSizes"
    },
    "12": {
      "value": "40",
      "type": "fontSizes"
    },
    "13": {
      "value": "42",
      "type": "fontSizes"
    },
    "14": {
      "value": "48",
      "type": "fontSizes"
    }
  },
  "letterSpacing": {
    "0": {
      "value": "0",
      "type": "letterSpacing"
    },
    "1": {
      "value": "0%",
      "type": "letterSpacing"
    },
    "2": {
      "value": "0.5%",
      "type": "letterSpacing"
    },
    "3": {
      "value": "0.3",
      "type": "letterSpacing"
    },
    "4": {
      "value": "4",
      "type": "letterSpacing"
    },
    "5": {
      "value": "1",
      "type": "letterSpacing"
    }
  },
  "paragraphSpacing": {
    "0": {
      "value": "0",
      "type": "paragraphSpacing"
    },
    "1": {
      "value": "4",
      "type": "paragraphSpacing"
    }
  },
  "Typography": {
    "Headings (common)": {
      "H1 - XS-SM": {
        "value": {
          "fontFamily": "{fontFamilies.art-basel-headline}",
          "fontWeight": "{fontWeights.art-basel-headline-0}",
          "lineHeight": "{lineHeights.0}",
          "fontSize": "{fontSize.7}",
          "letterSpacing": "{letterSpacing.0}",
          "paragraphSpacing": "{paragraphSpacing.0}",
          "paragraphIndent": "{paragraphIndent.0}",
          "textCase": "{textCase.none}",
          "textDecoration": "{textDecoration.none}"
        },
        "type": "typography"
      },
      "H2 - XS-SM": {
        "value": {
          "fontFamily": "{fontFamilies.art-basel-headline}",
          "fontWeight": "{fontWeights.art-basel-headline-0}",
          "lineHeight": "{lineHeights.1}",
          "fontSize": "{fontSize.6}",
          "letterSpacing": "{letterSpacing.0}",
          "paragraphSpacing": "{paragraphSpacing.0}",
          "paragraphIndent": "{paragraphIndent.0}",
          "textCase": "{textCase.none}",
          "textDecoration": "{textDecoration.none}"
        },
        "type": "typography"
      },
      "H3 - XS-SM": {
        "value": {
          "fontFamily": "{fontFamilies.art-basel-headline}",
          "fontWeight": "{fontWeights.art-basel-headline-0}",
          "lineHeight": "{lineHeights.2}",
          "fontSize": "{fontSize.5}",
          "letterSpacing": "{letterSpacing.0}",
          "paragraphSpacing": "{paragraphSpacing.0}",
          "paragraphIndent": "{paragraphIndent.0}",
          "textCase": "{textCase.none}",
          "textDecoration": "{textDecoration.none}"
        },
        "type": "typography"
      },
      "H4 - XS-SM": {
        "value": {
          "fontFamily": "{fontFamilies.art-basel-headline}",
          "fontWeight": "{fontWeights.art-basel-headline-0}",
          "lineHeight": "{lineHeights.3}",
          "fontSize": "{fontSize.4}",
          "letterSpacing": "{letterSpacing.0}",
          "paragraphSpacing": "{paragraphSpacing.0}",
          "paragraphIndent": "{paragraphIndent.0}",
          "textCase": "{textCase.none}",
          "textDecoration": "{textDecoration.none}"
        },
        "type": "typography"
      },
      "H5 - XS-SM": {
        "value": {
          "fontFamily": "{fontFamilies.art-basel-headline}",
          "fontWeight": "{fontWeights.art-basel-headline-0}",
          "lineHeight": "{lineHeights.4}",
          "fontSize": "{fontSize.3}",
          "letterSpacing": "{letterSpacing.0}",
          "paragraphSpacing": "{paragraphSpacing.0}",
          "paragraphIndent": "{paragraphIndent.0}",
          "textCase": "{textCase.none}",
          "textDecoration": "{textDecoration.none}"
        },
        "type": "typography"
      },
      "H1 - XL": {
        "value": {
          "fontFamily": "{fontFamilies.art-basel-headline}",
          "fontWeight": "{fontWeights.art-basel-headline-0}",
          "lineHeight": "{lineHeights.5}",
          "fontSize": "{fontSize.13}",
          "letterSpacing": "{letterSpacing.0}",
          "paragraphSpacing": "{paragraphSpacing.0}",
          "paragraphIndent": "{paragraphIndent.0}",
          "textCase": "{textCase.none}",
          "textDecoration": "{textDecoration.none}"
        },
        "type": "typography"
      },
      "H2 - XL": {
        "value": {
          "fontFamily": "{fontFamilies.art-basel-headline}",
          "fontWeight": "{fontWeights.art-basel-headline-0}",
          "lineHeight": "{lineHeights.6}",
          "fontSize": "{fontSize.10}",
          "letterSpacing": "{letterSpacing.0}",
          "paragraphSpacing": "{paragraphSpacing.0}",
          "paragraphIndent": "{paragraphIndent.0}",
          "textCase": "{textCase.none}",
          "textDecoration": "{textDecoration.none}"
        },
        "type": "typography"
      },
      "H3 - XL": {
        "value": {
          "fontFamily": "{fontFamilies.art-basel-headline}",
          "fontWeight": "{fontWeights.art-basel-headline-0}",
          "lineHeight": "{lineHeights.7}",
          "fontSize": "{fontSize.7}",
          "letterSpacing": "{letterSpacing.0}",
          "paragraphSpacing": "{paragraphSpacing.0}",
          "paragraphIndent": "{paragraphIndent.0}",
          "textCase": "{textCase.none}",
          "textDecoration": "{textDecoration.none}"
        },
        "type": "typography"
      },
      "H4 - XL": {
        "value": {
          "fontFamily": "{fontFamilies.art-basel-headline}",
          "fontWeight": "{fontWeights.art-basel-headline-0}",
          "lineHeight": "{lineHeights.2}",
          "fontSize": "{fontSize.5}",
          "letterSpacing": "{letterSpacing.0}",
          "paragraphSpacing": "{paragraphSpacing.0}",
          "paragraphIndent": "{paragraphIndent.0}",
          "textCase": "{textCase.none}",
          "textDecoration": "{textDecoration.none}"
        },
        "type": "typography"
      },
      "H5 - XL": {
        "value": {
          "fontFamily": "{fontFamilies.art-basel-headline}",
          "fontWeight": "{fontWeights.art-basel-headline-0}",
          "lineHeight": "{lineHeights.4}",
          "fontSize": "{fontSize.3}",
          "letterSpacing": "{letterSpacing.0}",
          "paragraphSpacing": "{paragraphSpacing.0}",
          "paragraphIndent": "{paragraphIndent.0}",
          "textCase": "{textCase.none}",
          "textDecoration": "{textDecoration.none}"
        },
        "type": "typography"
      }
    },
    "Editorial Quote": {
      "Quote - 2XL": {
        "value": {
          "fontFamily": "{fontFamilies.ivar-display}",
          "fontWeight": "{fontWeights.ivar-display-1}",
          "lineHeight": "{lineHeights.8}",
          "fontSize": "{fontSize.13}",
          "letterSpacing": "{letterSpacing.1}",
          "paragraphSpacing": "{paragraphSpacing.1}",
          "paragraphIndent": "{paragraphIndent.0}",
          "textCase": "{textCase.none}",
          "textDecoration": "{textDecoration.none}"
        },
        "type": "typography"
      },
      "Quote - XL": {
        "value": {
          "fontFamily": "{fontFamilies.ivar-display}",
          "fontWeight": "{fontWeights.ivar-display-1}",
          "lineHeight": "{lineHeights.9}",
          "fontSize": "{fontSize.11}",
          "letterSpacing": "{letterSpacing.2}",
          "paragraphSpacing": "{paragraphSpacing.1}",
          "paragraphIndent": "{paragraphIndent.0}",
          "textCase": "{textCase.none}",
          "textDecoration": "{textDecoration.none}"
        },
        "type": "typography"
      },
      "Quote - LG": {
        "value": {
          "fontFamily": "{fontFamilies.ivar-display}",
          "fontWeight": "{fontWeights.ivar-display-1}",
          "lineHeight": "{lineHeights.5}",
          "fontSize": "{fontSize.10}",
          "letterSpacing": "{letterSpacing.1}",
          "paragraphSpacing": "{paragraphSpacing.0}",
          "paragraphIndent": "{paragraphIndent.0}",
          "textCase": "{textCase.none}",
          "textDecoration": "{textDecoration.none}"
        },
        "type": "typography"
      },
      "Quote - MD": {
        "value": {
          "fontFamily": "{fontFamilies.ivar-display}",
          "fontWeight": "{fontWeights.ivar-display-1}",
          "lineHeight": "{lineHeights.6}",
          "fontSize": "{fontSize.9}",
          "letterSpacing": "{letterSpacing.1}",
          "paragraphSpacing": "{paragraphSpacing.0}",
          "paragraphIndent": "{paragraphIndent.0}",
          "textCase": "{textCase.none}",
          "textDecoration": "{textDecoration.none}"
        },
        "type": "typography"
      },
      "Quote - XS-SM": {
        "value": {
          "fontFamily": "{fontFamilies.ivar-display}",
          "fontWeight": "{fontWeights.ivar-display-1}",
          "lineHeight": "{lineHeights.6}",
          "fontSize": "{fontSize.8}",
          "letterSpacing": "{letterSpacing.1}",
          "paragraphSpacing": "{paragraphSpacing.0}",
          "paragraphIndent": "{paragraphIndent.0}",
          "textCase": "{textCase.none}",
          "textDecoration": "{textDecoration.none}"
        },
        "type": "typography"
      }
    },
    "Editorial Headings (common)": {
      "H1 - XS-SM": {
        "value": {
          "fontFamily": "{fontFamilies.ivar-display}",
          "fontWeight": "{fontWeights.ivar-display-2}",
          "lineHeight": "{lineHeights.6}",
          "fontSize": "{fontSize.7}",
          "letterSpacing": "{letterSpacing.1}",
          "paragraphSpacing": "{paragraphSpacing.1}",
          "paragraphIndent": "{paragraphIndent.0}",
          "textCase": "{textCase.none}",
          "textDecoration": "{textDecoration.none}"
        },
        "type": "typography"
      },
      "H2 - XS-SM": {
        "value": {
          "fontFamily": "{fontFamilies.ivar-display}",
          "fontWeight": "{fontWeights.ivar-display-2}",
          "lineHeight": "{lineHeights.1}",
          "fontSize": "{fontSize.6}",
          "letterSpacing": "{letterSpacing.1}",
          "paragraphSpacing": "{paragraphSpacing.1}",
          "paragraphIndent": "{paragraphIndent.0}",
          "textCase": "{textCase.none}",
          "textDecoration": "{textDecoration.none}"
        },
        "type": "typography"
      },
      "H3 - XS-SM": {
        "value": {
          "fontFamily": "{fontFamilies.ivar-display}",
          "fontWeight": "{fontWeights.ivar-display-2}",
          "lineHeight": "{lineHeights.10}",
          "fontSize": "{fontSize.5}",
          "letterSpacing": "{letterSpacing.1}",
          "paragraphSpacing": "{paragraphSpacing.1}",
          "paragraphIndent": "{paragraphIndent.0}",
          "textCase": "{textCase.none}",
          "textDecoration": "{textDecoration.none}"
        },
        "type": "typography"
      },
      "H4 - XS-SM": {
        "value": {
          "fontFamily": "{fontFamilies.ivar-display}",
          "fontWeight": "{fontWeights.ivar-display-2}",
          "lineHeight": "{lineHeights.11}",
          "fontSize": "{fontSize.4}",
          "letterSpacing": "{letterSpacing.1}",
          "paragraphSpacing": "{paragraphSpacing.1}",
          "paragraphIndent": "{paragraphIndent.0}",
          "textCase": "{textCase.none}",
          "textDecoration": "{textDecoration.none}"
        },
        "type": "typography"
      },
      "H5 - XS-SM": {
        "value": {
          "fontFamily": "{fontFamilies.ivar-display}",
          "fontWeight": "{fontWeights.ivar-display-2}",
          "lineHeight": "{lineHeights.12}",
          "fontSize": "{fontSize.3}",
          "letterSpacing": "{letterSpacing.1}",
          "paragraphSpacing": "{paragraphSpacing.1}",
          "paragraphIndent": "{paragraphIndent.0}",
          "textCase": "{textCase.none}",
          "textDecoration": "{textDecoration.none}"
        },
        "type": "typography"
      },
      "H1 - XL": {
        "value": {
          "fontFamily": "{fontFamilies.ivar-display}",
          "fontWeight": "{fontWeights.ivar-display-2}",
          "lineHeight": "{lineHeights.13}",
          "fontSize": "{fontSize.14}",
          "letterSpacing": "{letterSpacing.0}",
          "paragraphSpacing": "{paragraphSpacing.1}",
          "paragraphIndent": "{paragraphIndent.0}",
          "textCase": "{textCase.none}",
          "textDecoration": "{textDecoration.none}"
        },
        "type": "typography"
      },
      "H2 - XL": {
        "value": {
          "fontFamily": "{fontFamilies.ivar-display}",
          "fontWeight": "{fontWeights.ivar-display-2}",
          "lineHeight": "{lineHeights.8}",
          "fontSize": "{fontSize.13}",
          "letterSpacing": "{letterSpacing.1}",
          "paragraphSpacing": "{paragraphSpacing.1}",
          "paragraphIndent": "{paragraphIndent.0}",
          "textCase": "{textCase.none}",
          "textDecoration": "{textDecoration.none}"
        },
        "type": "typography"
      },
      "H3 - XL": {
        "value": {
          "fontFamily": "{fontFamilies.ivar-display}",
          "fontWeight": "{fontWeights.ivar-display-2}",
          "lineHeight": "{lineHeights.5}",
          "fontSize": "{fontSize.10}",
          "letterSpacing": "{letterSpacing.1}",
          "paragraphSpacing": "{paragraphSpacing.1}",
          "paragraphIndent": "{paragraphIndent.0}",
          "textCase": "{textCase.none}",
          "textDecoration": "{textDecoration.none}"
        },
        "type": "typography"
      },
      "H4 - XL": {
        "value": {
          "fontFamily": "{fontFamilies.ivar-display}",
          "fontWeight": "{fontWeights.ivar-display-2}",
          "lineHeight": "{lineHeights.6}",
          "fontSize": "{fontSize.7}",
          "letterSpacing": "{letterSpacing.1}",
          "paragraphSpacing": "{paragraphSpacing.1}",
          "paragraphIndent": "{paragraphIndent.0}",
          "textCase": "{textCase.none}",
          "textDecoration": "{textDecoration.none}"
        },
        "type": "typography"
      },
      "H5 - XL": {
        "value": {
          "fontFamily": "{fontFamilies.ivar-display}",
          "fontWeight": "{fontWeights.ivar-display-2}",
          "lineHeight": "{lineHeights.10}",
          "fontSize": "{fontSize.5}",
          "letterSpacing": "{letterSpacing.1}",
          "paragraphSpacing": "{paragraphSpacing.1}",
          "paragraphIndent": "{paragraphIndent.0}",
          "textCase": "{textCase.none}",
          "textDecoration": "{textDecoration.none}"
        },
        "type": "typography"
      }
    },
    "Paragraphs (other)": {
      "P1 - MD": {
        "value": {
          "fontFamily": "{fontFamilies.art-basel-text}",
          "fontWeight": "{fontWeights.art-basel-text-3}",
          "lineHeight": "{lineHeights.7}",
          "fontSize": "{fontSize.7}",
          "letterSpacing": "{letterSpacing.1}",
          "paragraphSpacing": "{paragraphSpacing.1}",
          "paragraphIndent": "{paragraphIndent.0}",
          "textCase": "{textCase.none}",
          "textDecoration": "{textDecoration.none}"
        },
        "type": "typography"
      },
      "P2 - MD": {
        "value": {
          "fontFamily": "{fontFamilies.art-basel-text}",
          "fontWeight": "{fontWeights.art-basel-text-3}",
          "lineHeight": "{lineHeights.2}",
          "fontSize": "{fontSize.5}",
          "letterSpacing": "{letterSpacing.1}",
          "paragraphSpacing": "{paragraphSpacing.1}",
          "paragraphIndent": "{paragraphIndent.0}",
          "textCase": "{textCase.none}",
          "textDecoration": "{textDecoration.none}"
        },
        "type": "typography"
      },
      "P1 - LG": {
        "value": {
          "fontFamily": "{fontFamilies.art-basel-text}",
          "fontWeight": "{fontWeights.art-basel-text-3}",
          "lineHeight": "{lineHeights.7}",
          "fontSize": "{fontSize.7}",
          "letterSpacing": "{letterSpacing.1}",
          "paragraphSpacing": "{paragraphSpacing.1}",
          "paragraphIndent": "{paragraphIndent.0}",
          "textCase": "{textCase.none}",
          "textDecoration": "{textDecoration.none}"
        },
        "type": "typography"
      },
      "P2 - LG": {
        "value": {
          "fontFamily": "{fontFamilies.art-basel-text}",
          "fontWeight": "{fontWeights.art-basel-text-3}",
          "lineHeight": "{lineHeights.2}",
          "fontSize": "{fontSize.5}",
          "letterSpacing": "{letterSpacing.1}",
          "paragraphSpacing": "{paragraphSpacing.1}",
          "paragraphIndent": "{paragraphIndent.0}",
          "textCase": "{textCase.none}",
          "textDecoration": "{textDecoration.none}"
        },
        "type": "typography"
      }
    },
    "Headings (other)": {
      "H1 - MD": {
        "value": {
          "fontFamily": "{fontFamilies.art-basel-headline}",
          "fontWeight": "{fontWeights.art-basel-headline-0}",
          "lineHeight": "{lineHeights.14}",
          "fontSize": "{fontSize.10}",
          "letterSpacing": "{letterSpacing.1}",
          "paragraphSpacing": "{paragraphSpacing.1}",
          "paragraphIndent": "{paragraphIndent.0}",
          "textCase": "{textCase.none}",
          "textDecoration": "{textDecoration.none}"
        },
        "type": "typography"
      },
      "H2 - MD": {
        "value": {
          "fontFamily": "{fontFamilies.art-basel-headline}",
          "fontWeight": "{fontWeights.art-basel-headline-0}",
          "lineHeight": "{lineHeights.0}",
          "fontSize": "{fontSize.7}",
          "letterSpacing": "{letterSpacing.1}",
          "paragraphSpacing": "{paragraphSpacing.1}",
          "paragraphIndent": "{paragraphIndent.0}",
          "textCase": "{textCase.none}",
          "textDecoration": "{textDecoration.none}"
        },
        "type": "typography"
      },
      "H3 - MD": {
        "value": {
          "fontFamily": "{fontFamilies.art-basel-headline}",
          "fontWeight": "{fontWeights.art-basel-headline-0}",
          "lineHeight": "{lineHeights.1}",
          "fontSize": "{fontSize.6}",
          "letterSpacing": "{letterSpacing.1}",
          "paragraphSpacing": "{paragraphSpacing.1}",
          "paragraphIndent": "{paragraphIndent.0}",
          "textCase": "{textCase.none}",
          "textDecoration": "{textDecoration.none}"
        },
        "type": "typography"
      },
      "H4 - MD": {
        "value": {
          "fontFamily": "{fontFamilies.art-basel-headline}",
          "fontWeight": "{fontWeights.art-basel-headline-0}",
          "lineHeight": "{lineHeights.2}",
          "fontSize": "{fontSize.5}",
          "letterSpacing": "{letterSpacing.1}",
          "paragraphSpacing": "{paragraphSpacing.1}",
          "paragraphIndent": "{paragraphIndent.0}",
          "textCase": "{textCase.none}",
          "textDecoration": "{textDecoration.none}"
        },
        "type": "typography"
      },
      "H5 - MD": {
        "value": {
          "fontFamily": "{fontFamilies.art-basel-headline}",
          "fontWeight": "{fontWeights.art-basel-headline-0}",
          "lineHeight": "{lineHeights.4}",
          "fontSize": "{fontSize.3}",
          "letterSpacing": "{letterSpacing.1}",
          "paragraphSpacing": "{paragraphSpacing.1}",
          "paragraphIndent": "{paragraphIndent.0}",
          "textCase": "{textCase.none}",
          "textDecoration": "{textDecoration.none}"
        },
        "type": "typography"
      },
      "H1 - LG": {
        "value": {
          "fontFamily": "{fontFamilies.art-basel-headline}",
          "fontWeight": "{fontWeights.art-basel-headline-0}",
          "lineHeight": "{lineHeights.15}",
          "fontSize": "{fontSize.12}",
          "letterSpacing": "{letterSpacing.1}",
          "paragraphSpacing": "{paragraphSpacing.1}",
          "paragraphIndent": "{paragraphIndent.0}",
          "textCase": "{textCase.none}",
          "textDecoration": "{textDecoration.none}"
        },
        "type": "typography"
      },
      "H2 - LG": {
        "value": {
          "fontFamily": "{fontFamilies.art-basel-headline}",
          "fontWeight": "{fontWeights.art-basel-headline-0}",
          "lineHeight": "{lineHeights.6}",
          "fontSize": "{fontSize.10}",
          "letterSpacing": "{letterSpacing.1}",
          "paragraphSpacing": "{paragraphSpacing.1}",
          "paragraphIndent": "{paragraphIndent.0}",
          "textCase": "{textCase.none}",
          "textDecoration": "{textDecoration.none}"
        },
        "type": "typography"
      },
      "H3 - LG": {
        "value": {
          "fontFamily": "{fontFamilies.art-basel-headline}",
          "fontWeight": "{fontWeights.art-basel-headline-0}",
          "lineHeight": "{lineHeights.0}",
          "fontSize": "{fontSize.7}",
          "letterSpacing": "{letterSpacing.1}",
          "paragraphSpacing": "{paragraphSpacing.1}",
          "paragraphIndent": "{paragraphIndent.0}",
          "textCase": "{textCase.none}",
          "textDecoration": "{textDecoration.none}"
        },
        "type": "typography"
      },
      "H4 - LG": {
        "value": {
          "fontFamily": "{fontFamilies.art-basel-headline}",
          "fontWeight": "{fontWeights.art-basel-headline-0}",
          "lineHeight": "{lineHeights.2}",
          "fontSize": "{fontSize.5}",
          "letterSpacing": "{letterSpacing.1}",
          "paragraphSpacing": "{paragraphSpacing.1}",
          "paragraphIndent": "{paragraphIndent.0}",
          "textCase": "{textCase.none}",
          "textDecoration": "{textDecoration.none}"
        },
        "type": "typography"
      },
      "H5 - LG": {
        "value": {
          "fontFamily": "{fontFamilies.art-basel-headline}",
          "fontWeight": "{fontWeights.art-basel-headline-0}",
          "lineHeight": "{lineHeights.4}",
          "fontSize": "{fontSize.3}",
          "letterSpacing": "{letterSpacing.1}",
          "paragraphSpacing": "{paragraphSpacing.1}",
          "paragraphIndent": "{paragraphIndent.0}",
          "textCase": "{textCase.none}",
          "textDecoration": "{textDecoration.none}"
        },
        "type": "typography"
      }
    },
    "Links": {
      "Text Link - Medium (Default)": {
        "value": {
          "fontFamily": "{fontFamilies.art-basel-text}",
          "fontWeight": "{fontWeights.art-basel-text-4}",
          "lineHeight": "{lineHeights.12}",
          "fontSize": "{fontSize.2}",
          "letterSpacing": "{letterSpacing.0}",
          "paragraphSpacing": "{paragraphSpacing.0}",
          "paragraphIndent": "{paragraphIndent.0}",
          "textCase": "{textCase.none}",
          "textDecoration": "{textDecoration.none}"
        },
        "type": "typography"
      },
      "Text Link - Medium (Hover)": {
        "value": {
          "fontFamily": "{fontFamilies.art-basel-text}",
          "fontWeight": "{fontWeights.art-basel-text-4}",
          "lineHeight": "{lineHeights.12}",
          "fontSize": "{fontSize.2}",
          "letterSpacing": "{letterSpacing.0}",
          "paragraphSpacing": "{paragraphSpacing.0}",
          "paragraphIndent": "{paragraphIndent.0}",
          "textCase": "{textCase.none}",
          "textDecoration": "{textDecoration.underline}"
        },
        "type": "typography"
      },
      "External Link - Medium (Default)": {
        "value": {
          "fontFamily": "{fontFamilies.art-basel-text}",
          "fontWeight": "{fontWeights.art-basel-text-4}",
          "lineHeight": "{lineHeights.12}",
          "fontSize": "{fontSize.2}",
          "letterSpacing": "{letterSpacing.0}",
          "paragraphSpacing": "{paragraphSpacing.0}",
          "paragraphIndent": "{paragraphIndent.0}",
          "textCase": "{textCase.uppercase}",
          "textDecoration": "{textDecoration.none}"
        },
        "type": "typography"
      },
      "Button - Medium": {
        "value": {
          "fontFamily": "{fontFamilies.art-basel-text}",
          "fontWeight": "{fontWeights.art-basel-text-4}",
          "lineHeight": "{lineHeights.16}",
          "fontSize": "{fontSize.1}",
          "letterSpacing": "{letterSpacing.0}",
          "paragraphSpacing": "{paragraphSpacing.0}",
          "paragraphIndent": "{paragraphIndent.0}",
          "textCase": "{textCase.uppercase}",
          "textDecoration": "{textDecoration.none}"
        },
        "type": "typography"
      }
    },
    "Supporting": {
      "Label - XLarge": {
        "value": {
          "fontFamily": "{fontFamilies.art-basel-text}",
          "fontWeight": "{fontWeights.art-basel-text-4}",
          "lineHeight": "{lineHeights.17}",
          "fontSize": "{fontSize.2}",
          "letterSpacing": "{letterSpacing.0}",
          "paragraphSpacing": "{paragraphSpacing.0}",
          "paragraphIndent": "{paragraphIndent.0}",
          "textCase": "{textCase.none}",
          "textDecoration": "{textDecoration.none}"
        },
        "type": "typography"
      },
      "Label - Large": {
        "value": {
          "fontFamily": "{fontFamilies.art-basel-text}",
          "fontWeight": "{fontWeights.art-basel-text-4}",
          "lineHeight": "{lineHeights.16}",
          "fontSize": "{fontSize.1}",
          "letterSpacing": "{letterSpacing.0}",
          "paragraphSpacing": "{paragraphSpacing.0}",
          "paragraphIndent": "{paragraphIndent.0}",
          "textCase": "{textCase.none}",
          "textDecoration": "{textDecoration.none}"
        },
        "type": "typography"
      },
      "Label - Medium": {
        "value": {
          "fontFamily": "{fontFamilies.art-basel-text}",
          "fontWeight": "{fontWeights.art-basel-text-4}",
          "lineHeight": "{lineHeights.18}",
          "fontSize": "{fontSize.0}",
          "letterSpacing": "{letterSpacing.0}",
          "paragraphSpacing": "{paragraphSpacing.0}",
          "paragraphIndent": "{paragraphIndent.0}",
          "textCase": "{textCase.none}",
          "textDecoration": "{textDecoration.none}"
        },
        "type": "typography"
      },
      "Label - Small": {
        "value": {
          "fontFamily": "{fontFamilies.art-basel-text}",
          "fontWeight": "{fontWeights.art-basel-text-3}",
          "lineHeight": "{lineHeights.18}",
          "fontSize": "{fontSize.0}",
          "letterSpacing": "{letterSpacing.3}",
          "paragraphSpacing": "{paragraphSpacing.0}",
          "paragraphIndent": "{paragraphIndent.0}",
          "textCase": "{textCase.none}",
          "textDecoration": "{textDecoration.none}"
        },
        "type": "typography"
      }
    },
    "Body": {
      "Text - Large": {
        "value": {
          "fontFamily": "{fontFamilies.art-basel-text}",
          "fontWeight": "{fontWeights.art-basel-text-3}",
          "lineHeight": "{lineHeights.11}",
          "fontSize": "{fontSize.3}",
          "letterSpacing": "{letterSpacing.0}",
          "paragraphSpacing": "{paragraphSpacing.0}",
          "paragraphIndent": "{paragraphIndent.0}",
          "textCase": "{textCase.none}",
          "textDecoration": "{textDecoration.none}"
        },
        "type": "typography"
      },
      "Text - Medium": {
        "value": {
          "fontFamily": "{fontFamilies.art-basel-text}",
          "fontWeight": "{fontWeights.art-basel-text-3}",
          "lineHeight": "{lineHeights.17}",
          "fontSize": "{fontSize.2}",
          "letterSpacing": "{letterSpacing.0}",
          "paragraphSpacing": "{paragraphSpacing.0}",
          "paragraphIndent": "{paragraphIndent.0}",
          "textCase": "{textCase.none}",
          "textDecoration": "{textDecoration.none}"
        },
        "type": "typography"
      },
      "Text - Small": {
        "value": {
          "fontFamily": "{fontFamilies.art-basel-text}",
          "fontWeight": "{fontWeights.art-basel-text-3}",
          "lineHeight": "{lineHeights.16}",
          "fontSize": "{fontSize.1}",
          "letterSpacing": "{letterSpacing.0}",
          "paragraphSpacing": "{paragraphSpacing.0}",
          "paragraphIndent": "{paragraphIndent.0}",
          "textCase": "{textCase.none}",
          "textDecoration": "{textDecoration.none}"
        },
        "type": "typography"
      }
    },
    "Headings (fixed)": {
      "01": {
        "value": {
          "fontFamily": "{fontFamilies.art-basel-headline}",
          "fontWeight": "{fontWeights.art-basel-headline-0}",
          "lineHeight": "{lineHeights.4}",
          "fontSize": "{fontSize.3}",
          "letterSpacing": "{letterSpacing.4}",
          "paragraphSpacing": "{paragraphSpacing.0}",
          "paragraphIndent": "{paragraphIndent.0}",
          "textCase": "{textCase.uppercase}",
          "textDecoration": "{textDecoration.none}"
        },
        "type": "typography"
      },
      "02": {
        "value": {
          "fontFamily": "{fontFamilies.art-basel-headline}",
          "fontWeight": "{fontWeights.art-basel-headline-0}",
          "lineHeight": "{lineHeights.16}",
          "fontSize": "{fontSize.1}",
          "letterSpacing": "{letterSpacing.5}",
          "paragraphSpacing": "{paragraphSpacing.0}",
          "paragraphIndent": "{paragraphIndent.0}",
          "textCase": "{textCase.uppercase}",
          "textDecoration": "{textDecoration.none}"
        },
        "type": "typography"
      }
    },
    "Paragraphs (common)": {
      "P1 - XS-SM": {
        "value": {
          "fontFamily": "{fontFamilies.art-basel-text}",
          "fontWeight": "{fontWeights.art-basel-text-3}",
          "lineHeight": "{lineHeights.2}",
          "fontSize": "{fontSize.5}",
          "letterSpacing": "{letterSpacing.0}",
          "paragraphSpacing": "{paragraphSpacing.0}",
          "paragraphIndent": "{paragraphIndent.0}",
          "textCase": "{textCase.none}",
          "textDecoration": "{textDecoration.none}"
        },
        "type": "typography"
      },
      "P2 - XS-SM": {
        "value": {
          "fontFamily": "{fontFamilies.art-basel-text}",
          "fontWeight": "{fontWeights.art-basel-text-3}",
          "lineHeight": "{lineHeights.3}",
          "fontSize": "{fontSize.4}",
          "letterSpacing": "{letterSpacing.0}",
          "paragraphSpacing": "{paragraphSpacing.0}",
          "paragraphIndent": "{paragraphIndent.0}",
          "textCase": "{textCase.none}",
          "textDecoration": "{textDecoration.none}"
        },
        "type": "typography"
      },
      "P1 - XL": {
        "value": {
          "fontFamily": "{fontFamilies.art-basel-text}",
          "fontWeight": "{fontWeights.art-basel-text-3}",
          "lineHeight": "{lineHeights.7}",
          "fontSize": "{fontSize.7}",
          "letterSpacing": "{letterSpacing.0}",
          "paragraphSpacing": "{paragraphSpacing.0}",
          "paragraphIndent": "{paragraphIndent.0}",
          "textCase": "{textCase.none}",
          "textDecoration": "{textDecoration.none}"
        },
        "type": "typography"
      },
      "P2 - XL": {
        "value": {
          "fontFamily": "{fontFamilies.art-basel-text}",
          "fontWeight": "{fontWeights.art-basel-text-3}",
          "lineHeight": "{lineHeights.2}",
          "fontSize": "{fontSize.5}",
          "letterSpacing": "{letterSpacing.0}",
          "paragraphSpacing": "{paragraphSpacing.0}",
          "paragraphIndent": "{paragraphIndent.0}",
          "textCase": "{textCase.none}",
          "textDecoration": "{textDecoration.none}"
        },
        "type": "typography"
      }
    },
    "Editorial Headings (other)": {
      "H1 - MD": {
        "value": {
          "fontFamily": "{fontFamilies.ivar-display}",
          "fontWeight": "{fontWeights.ivar-display-2}",
          "lineHeight": "{lineHeights.5}",
          "fontSize": "{fontSize.10}",
          "letterSpacing": "{letterSpacing.1}",
          "paragraphSpacing": "{paragraphSpacing.1}",
          "paragraphIndent": "{paragraphIndent.0}",
          "textCase": "{textCase.none}",
          "textDecoration": "{textDecoration.none}"
        },
        "type": "typography"
      },
      "H2 - MD": {
        "value": {
          "fontFamily": "{fontFamilies.ivar-display}",
          "fontWeight": "{fontWeights.ivar-display-2}",
          "lineHeight": "{lineHeights.6}",
          "fontSize": "{fontSize.7}",
          "letterSpacing": "{letterSpacing.1}",
          "paragraphSpacing": "{paragraphSpacing.1}",
          "paragraphIndent": "{paragraphIndent.0}",
          "textCase": "{textCase.none}",
          "textDecoration": "{textDecoration.none}"
        },
        "type": "typography"
      },
      "H3 - MD": {
        "value": {
          "fontFamily": "{fontFamilies.ivar-display}",
          "fontWeight": "{fontWeights.ivar-display-2}",
          "lineHeight": "{lineHeights.19}",
          "fontSize": "{fontSize.6}",
          "letterSpacing": "{letterSpacing.1}",
          "paragraphSpacing": "{paragraphSpacing.1}",
          "paragraphIndent": "{paragraphIndent.0}",
          "textCase": "{textCase.none}",
          "textDecoration": "{textDecoration.none}"
        },
        "type": "typography"
      },
      "H4 - MD": {
        "value": {
          "fontFamily": "{fontFamilies.ivar-display}",
          "fontWeight": "{fontWeights.ivar-display-2}",
          "lineHeight": "{lineHeights.10}",
          "fontSize": "{fontSize.5}",
          "letterSpacing": "{letterSpacing.1}",
          "paragraphSpacing": "{paragraphSpacing.1}",
          "paragraphIndent": "{paragraphIndent.0}",
          "textCase": "{textCase.none}",
          "textDecoration": "{textDecoration.none}"
        },
        "type": "typography"
      },
      "H5 - MD": {
        "value": {
          "fontFamily": "{fontFamilies.ivar-display}",
          "fontWeight": "{fontWeights.ivar-display-2}",
          "lineHeight": "{lineHeights.11}",
          "fontSize": "{fontSize.4}",
          "letterSpacing": "{letterSpacing.1}",
          "paragraphSpacing": "{paragraphSpacing.1}",
          "paragraphIndent": "{paragraphIndent.0}",
          "textCase": "{textCase.none}",
          "textDecoration": "{textDecoration.none}"
        },
        "type": "typography"
      },
      "H1 - LG": {
        "value": {
          "fontFamily": "{fontFamilies.ivar-display}",
          "fontWeight": "{fontWeights.ivar-display-2}",
          "lineHeight": "{lineHeights.8}",
          "fontSize": "{fontSize.13}",
          "letterSpacing": "{letterSpacing.1}",
          "paragraphSpacing": "{paragraphSpacing.1}",
          "paragraphIndent": "{paragraphIndent.0}",
          "textCase": "{textCase.none}",
          "textDecoration": "{textDecoration.none}"
        },
        "type": "typography"
      },
      "H2 - LG": {
        "value": {
          "fontFamily": "{fontFamilies.ivar-display}",
          "fontWeight": "{fontWeights.ivar-display-2}",
          "lineHeight": "{lineHeights.5}",
          "fontSize": "{fontSize.10}",
          "letterSpacing": "{letterSpacing.1}",
          "paragraphSpacing": "{paragraphSpacing.1}",
          "paragraphIndent": "{paragraphIndent.0}",
          "textCase": "{textCase.none}",
          "textDecoration": "{textDecoration.none}"
        },
        "type": "typography"
      },
      "H3 - LG": {
        "value": {
          "fontFamily": "{fontFamilies.ivar-display}",
          "fontWeight": "{fontWeights.ivar-display-2}",
          "lineHeight": "{lineHeights.6}",
          "fontSize": "{fontSize.7}",
          "letterSpacing": "{letterSpacing.1}",
          "paragraphSpacing": "{paragraphSpacing.1}",
          "paragraphIndent": "{paragraphIndent.0}",
          "textCase": "{textCase.none}",
          "textDecoration": "{textDecoration.none}"
        },
        "type": "typography"
      },
      "H4 - LG": {
        "value": {
          "fontFamily": "{fontFamilies.ivar-display}",
          "fontWeight": "{fontWeights.ivar-display-2}",
          "lineHeight": "{lineHeights.19}",
          "fontSize": "{fontSize.6}",
          "letterSpacing": "{letterSpacing.1}",
          "paragraphSpacing": "{paragraphSpacing.1}",
          "paragraphIndent": "{paragraphIndent.0}",
          "textCase": "{textCase.none}",
          "textDecoration": "{textDecoration.none}"
        },
        "type": "typography"
      },
      "H5 - LG": {
        "value": {
          "fontFamily": "{fontFamilies.ivar-display}",
          "fontWeight": "{fontWeights.ivar-display-2}",
          "lineHeight": "{lineHeights.10}",
          "fontSize": "{fontSize.5}",
          "letterSpacing": "{letterSpacing.1}",
          "paragraphSpacing": "{paragraphSpacing.1}",
          "paragraphIndent": "{paragraphIndent.0}",
          "textCase": "{textCase.none}",
          "textDecoration": "{textDecoration.none}"
        },
        "type": "typography"
      }
    }
  },
  "spacing": {
    "2": {
      "value": "2px",
      "type": "spacing"
    },
    "4": {
      "value": "4px",
      "type": "spacing"
    },
    "8": {
      "value": "8px",
      "type": "spacing"
    },
    "12": {
      "value": "12px",
      "type": "spacing"
    },
    "16": {
      "value": "16px",
      "type": "spacing"
    },
    "20": {
      "value": "20px",
      "type": "spacing"
    },
    "24": {
      "value": "24px",
      "type": "spacing"
    },
    "32": {
      "value": "32px",
      "type": "spacing"
    },
    "40": {
      "value": "40px",
      "type": "spacing"
    },
    "48": {
      "value": "48px",
      "type": "spacing"
    },
    "56": {
      "value": "56px",
      "type": "spacing"
    },
    "64": {
      "value": "64px",
      "type": "spacing"
    },
    "72": {
      "value": "72px",
      "type": "spacing"
    },
    "80": {
      "value": "80px",
      "type": "spacing"
    },
    "96": {
      "value": "96px",
      "type": "spacing"
    },
    "112": {
      "value": "112px",
      "type": "spacing"
    },
    "120": {
      "value": "120px",
      "type": "spacing"
    }
  },
  "textCase": {
    "none": {
      "value": "none",
      "type": "textCase"
    },
    "uppercase": {
      "value": "uppercase",
      "type": "textCase"
    }
  },
  "textDecoration": {
    "none": {
      "value": "none",
      "type": "textDecoration"
    },
    "underline": {
      "value": "underline",
      "type": "textDecoration"
    }
  },
  "paragraphIndent": {
    "0": {
      "value": "0px",
      "type": "dimension"
    }
  },
  "opacity": {
    "opacity-10": {
      "value": "0.1",
      "type": "opacity"
    },
    "opacity-0": {
      "value": "0",
      "type": "opacity"
    },
    "opacity-5": {
      "value": "0.05",
      "type": "opacity"
    },
    "opacity-25": {
      "value": "0.25",
      "type": "opacity"
    },
    "opacity-30": {
      "value": "0.3",
      "type": "opacity"
    },
    "opacity-40": {
      "value": "0.4",
      "type": "opacity"
    },
    "opacity-50": {
      "value": "0.5",
      "type": "opacity"
    },
    "opacity-60": {
      "value": "0.6",
      "type": "opacity"
    },
    "opacity-70": {
      "value": "0.7",
      "type": "opacity"
    },
    "opacity-80": {
      "value": "0.8",
      "type": "opacity"
    },
    "opacity-90": {
      "value": "0.9",
      "type": "opacity"
    },
    "opacity-95": {
      "value": "0.95",
      "type": "opacity"
    },
    "opacity-100": {
      "value": "1",
      "type": "opacity"
    }
  },
  "max-width": {
    "sm": {
      "value": "413px",
      "type": "dimension",
      "description": "Max Width for the SM Media Query breakpoint"
    },
    "md": {
      "value": "768px",
      "type": "dimension",
      "description": "Max Width for the MD Media Query breakpoint"
    },
    "lg": {
      "value": "1024px",
      "type": "dimension",
      "description": "Max Width for the LG Media Query breakpoint"
    },
    "xl": {
      "value": "1280px",
      "type": "dimension",
      "description": "Max Width for the XL Media Query breakpoint"
    },
    "2xl": {
      "value": "1536px",
      "type": "dimension",
      "description": "Max Width for the 2XL Media Query breakpoint"
    }
  }
}